display__en,display__fr
Canada,Canada
Atlantic,Atlantique
Newfoundland and Labrador,Terre-Neuve-et-Labrador
Newfoundland and Labrador - Division No. 1,Terre-Neuve-et-Labrador - Division No. 1
Newfoundland and Labrador - Division No. 2,Terre-Neuve-et-Labrador - Division No. 2
Newfoundland and Labrador - Division No. 3,Terre-Neuve-et-Labrador - Division No. 3
Newfoundland and Labrador - Division No. 4,Terre-Neuve-et-Labrador - Division No. 4
Newfoundland and Labrador - Division No. 5,Terre-Neuve-et-Labrador - Division No. 5
Newfoundland and Labrador - Division No. 6,Terre-Neuve-et-Labrador - Division No. 6
Newfoundland and Labrador - Division No. 7,Terre-Neuve-et-Labrador - Division No. 7
Newfoundland and Labrador - Division No. 8,Terre-Neuve-et-Labrador - Division No. 8
Newfoundland and Labrador - Division No. 9,Terre-Neuve-et-Labrador - Division No. 9
Newfoundland and Labrador - Division No. 10,Terre-Neuve-et-Labrador - Division No. 10
Newfoundland and Labrador - Division No. 11,Terre-Neuve-et-Labrador - Division No. 11
Prince Edward Island,Île-du-Prince-Édouard
Prince Edward Island - Kings,Île-du-Prince-Édouard - Kings
Prince Edward Island - Queens,Île-du-Prince-Édouard - Queens
Prince Edward Island - Prince,Île-du-Prince-Édouard - Prince
Nova Scotia,Nouvelle-Écosse
Nova Scotia - Shelburne,Nouvelle-Écosse - Shelburne
Nova Scotia - Yarmouth,Nouvelle-Écosse - Yarmouth
Nova Scotia - Digby,Nouvelle-Écosse - Digby
Nova Scotia - Queens,Nouvelle-Écosse - Queens
Nova Scotia - Annapolis,Nouvelle-Écosse - Annapolis
Nova Scotia - Lunenburg,Nouvelle-Écosse - Lunenburg
Nova Scotia - Kings,Nouvelle-Écosse - Kings
Nova Scotia - Hants,Nouvelle-Écosse - Hants
Nova Scotia - Halifax,Nouvelle-Écosse - Halifax
Nova Scotia - Colchester,Nouvelle-Écosse - Colchester
Nova Scotia - Cumberland,Nouvelle-Écosse - Cumberland
Nova Scotia - Pictou,Nouvelle-Écosse - Pictou
Nova Scotia - Guysborough,Nouvelle-Écosse - Guysborough
Nova Scotia - Antigonish,Nouvelle-Écosse - Antigonish
Nova Scotia - Inverness,Nouvelle-Écosse - Inverness
Nova Scotia - Richmond,Nouvelle-Écosse - Richmond
Nova Scotia - Cape Breton,Nouvelle-Écosse - Cape Breton
Nova Scotia - Victoria,Nouvelle-Écosse - Victoria
New Brunswick,Nouveau-Brunswick
New Brunswick - Saint John,Nouveau-Brunswick - Saint John
New Brunswick - Charlotte,Nouveau-Brunswick - Charlotte
New Brunswick - Sunbury,Nouveau-Brunswick - Sunbury
New Brunswick - Queens,Nouveau-Brunswick - Queens
New Brunswick - Kings,Nouveau-Brunswick - Kings
New Brunswick - Albert,Nouveau-Brunswick - Albert
New Brunswick - Westmorland,Nouveau-Brunswick - Westmorland
New Brunswick - Kent,Nouveau-Brunswick - Kent
New Brunswick - Northumberland,Nouveau-Brunswick - Northumberland
New Brunswick - York,Nouveau-Brunswick - York
New Brunswick - Carleton,Nouveau-Brunswick - Carleton
New Brunswick - Victoria,Nouveau-Brunswick - Victoria
New Brunswick - Madawaska,Nouveau-Brunswick - Madawaska
New Brunswick - Restigouche,Nouveau-Brunswick - Restigouche
New Brunswick - Gloucester,Nouveau-Brunswick - Gloucester
Quebec,Québec
Quebec - Les Îles-de-la-Madeleine,Québec - Les Îles-de-la-Madeleine
Quebec - Le Rocher-Percé,Québec - Le Rocher-Percé
Quebec - La Côte-de-Gaspé,Québec - La Côte-de-Gaspé
Quebec - La Haute-Gaspésie,Québec - La Haute-Gaspésie
Quebec - Bonaventure,Québec - Bonaventure
Quebec - Avignon,Québec - Avignon
Quebec - La Matapédia,Québec - La Matapédia
Quebec - Matane,Québec - Matane
Quebec - La Mitis,Québec - La Mitis
Quebec - Rimouski-Neigette,Québec - Rimouski-Neigette
Quebec - Les Basques,Québec - Les Basques
Quebec - Rivière-du-Loup,Québec - Rivière-du-Loup
Quebec - Témiscouata,Québec - Témiscouata
Quebec - Kamouraska,Québec - Kamouraska
Quebec - Charlevoix-Est,Québec - Charlevoix-Est
Quebec - Charlevoix,Québec - Charlevoix
Quebec - L'Islet,Québec - L'Islet
Quebec - Montmagny,Québec - Montmagny
Quebec - Bellechasse,Québec - Bellechasse
Quebec - L'Île-d'Orléans,Québec - L'Île-d'Orléans
Quebec - La Côte-de-Beaupré,Québec - La Côte-de-Beaupré
Quebec - La Jacques-Cartier,Québec - La Jacques-Cartier
Quebec - Québec,Québec - Québec
Quebec - Lévis,Québec - Lévis
Quebec - La Nouvelle-Beauce,Québec - La Nouvelle-Beauce
Quebec - Robert-Cliche,Québec - Robert-Cliche
Quebec - Les Etchemins,Québec - Les Etchemins
Quebec - Beauce-Sartigan,Québec - Beauce-Sartigan
Quebec - Le Granit,Québec - Le Granit
Quebec - Les Appalaches,Québec - Les Appalaches
Quebec - L'Érable,Québec - L'Érable
Quebec - Lotbinière,Québec - Lotbinière
Quebec - Portneuf,Québec - Portneuf
Quebec - Mékinac,Québec - Mékinac
Quebec - Shawinigan,Québec - Shawinigan
Quebec - Francheville,Québec - Francheville
Quebec - Bécancour,Québec - Bécancour
Quebec - Arthabaska,Québec - Arthabaska
Quebec - Les Sources,Québec - Les Sources
Quebec - Le Haut-Saint-François,Québec - Le Haut-Saint-François
Quebec - Le Val-Saint-François,Québec - Le Val-Saint-François
Quebec - Sherbrooke,Québec - Sherbrooke
Quebec - Coaticook,Québec - Coaticook
Quebec - Memphrémagog,Québec - Memphrémagog
Quebec - Brome-Missisquoi,Québec - Brome-Missisquoi
Quebec - La Haute-Yamaska,Québec - La Haute-Yamaska
Quebec - Acton,Québec - Acton
Quebec - Drummond,Québec - Drummond
Quebec - Nicolet-Yamaska,Québec - Nicolet-Yamaska
Quebec - Maskinongé,Québec - Maskinongé
Quebec - D'Autray,Québec - D'Autray
Quebec - Pierre-De Saurel,Québec - Pierre-De Saurel
Quebec - Les Maskoutains,Québec - Les Maskoutains
Quebec - Rouville,Québec - Rouville
Quebec - Le Haut-Richelieu,Québec - Le Haut-Richelieu
Quebec - La Vallée-du-Richelieu,Québec - La Vallée-du-Richelieu
Quebec - Longueuil,Québec - Longueuil
Quebec - Lajemmerais,Québec - Lajemmerais
Quebec - L'Assomption,Québec - L'Assomption
Quebec - Joliette,Québec - Joliette
Quebec - Matawinie,Québec - Matawinie
Quebec - Montcalm,Québec - Montcalm
Quebec - Les Moulins,Québec - Les Moulins
Quebec - Laval,Québec - Laval
Quebec - Montréal,Québec - Montréal
Quebec - Roussillon,Québec - Roussillon
Quebec - Les Jardins-de-Napierville,Québec - Les Jardins-de-Napierville
Quebec - Le Haut-Saint-Laurent,Québec - Le Haut-Saint-Laurent
Quebec - Beauharnois-Salaberry,Québec - Beauharnois-Salaberry
Quebec - Vaudreuil-Soulanges,Québec - Vaudreuil-Soulanges
Quebec - Deux-Montagnes,Québec - Deux-Montagnes
Quebec - Thérèse-De Blainville,Québec - Thérèse-De Blainville
Quebec - Mirabel,Québec - Mirabel
Quebec - La Rivière-du-Nord,Québec - La Rivière-du-Nord
Quebec - Argenteuil,Québec - Argenteuil
Quebec - Les Pays-d'en-Haut,Québec - Les Pays-d'en-Haut
Quebec - Les Laurentides,Québec - Les Laurentides
Quebec - Antoine-Labelle,Québec - Antoine-Labelle
Quebec - Papineau,Québec - Papineau
Quebec - Gatineau,Québec - Gatineau
Quebec - Les Collines-de-l'Outaouais,Québec - Les Collines-de-l'Outaouais
Quebec - La Vallée-de-la-Gatineau,Québec - La Vallée-de-la-Gatineau
Quebec - Pontiac,Québec - Pontiac
Quebec - Témiscamingue,Québec - Témiscamingue
Quebec - Rouyn-Noranda,Québec - Rouyn-Noranda
Quebec - Abitibi-Ouest,Québec - Abitibi-Ouest
Quebec - Abitibi ,Québec - Abitibi
Quebec - La Vallée-de-l'Or,Québec - La Vallée-de-l'Or
Quebec - La Tuque,Québec - La Tuque
Quebec - Le Domaine-du-Roy,Québec - Le Domaine-du-Roy
Quebec - Maria-Chapdelaine,Québec - Maria-Chapdelaine
Quebec - Lac-Saint-Jean-Est,Québec - Lac-Saint-Jean-Est
Quebec - Le Saguenay-et-son-Fjord,Québec - Le Saguenay-et-son-Fjord
Quebec - La Haute-Côte-Nord,Québec - La Haute-Côte-Nord
Quebec - Manicouagan,Québec - Manicouagan
Quebec - Sept-Rivières--Caniapiscau,Québec - Sept-Rivières--Caniapiscau
Quebec - Minganie--Le Golfe-du-Saint-Laurent,Québec - Minganie--Le Golfe-du-Saint-Laurent
Quebec - Nord-du-Québec,Québec - Nord-du-Québec
Ontario,Ontario
"Ontario - Stormont, Dundas and Glengarry","Ontario - Stormont, Dundas and Glengarry"
Ontario - Prescott and Russell,Ontario - Prescott and Russell
Ontario - Ottawa,Ontario - Ottawa
Ontario - Leeds and Grenville,Ontario - Leeds and Grenville
Ontario - Lanark,Ontario - Lanark
Ontario - Frontenac,Ontario - Frontenac
Ontario - Lennox and Addington,Ontario - Lennox and Addington
Ontario - Hastings,Ontario - Hastings
Ontario - Prince Edward,Ontario - Prince Edward
Ontario - Northumberland,Ontario - Northumberland
Ontario - Peterborough,Ontario - Peterborough
Ontario - Kawartha Lakes,Ontario - Kawartha Lakes
Ontario - Durham,Ontario - Durham
Ontario - York,Ontario - York
Ontario - Toronto,Ontario - Toronto
Ontario - Peel,Ontario - Peel
Ontario - Dufferin,Ontario - Dufferin
Ontario - Wellington,Ontario - Wellington
Ontario - Halton,Ontario - Halton
Ontario - Hamilton,Ontario - Hamilton
Ontario - Niagara,Ontario - Niagara
Ontario - Haldimand-Norfolk,Ontario - Haldimand-Norfolk
Ontario - Brant,Ontario - Brant
Ontario - Waterloo,Ontario - Waterloo
Ontario - Perth,Ontario - Perth
Ontario - Oxford,Ontario - Oxford
Ontario - Elgin,Ontario - Elgin
Ontario - Chatham-Kent,Ontario - Chatham-Kent
Ontario - Essex,Ontario - Essex
Ontario - Lambton,Ontario - Lambton
Ontario - Middlesex,Ontario - Middlesex
Ontario - Huron,Ontario - Huron
Ontario - Bruce,Ontario - Bruce
Ontario - Grey,Ontario - Grey
Ontario - Simcoe,Ontario - Simcoe
Ontario - Muskoka,Ontario - Muskoka
Ontario - Haliburton,Ontario - Haliburton
Ontario - Renfrew,Ontario - Renfrew
Ontario - Nipissing,Ontario - Nipissing
Ontario - Parry Sound,Ontario - Parry Sound
Ontario - Manitoulin,Ontario - Manitoulin
Ontario - Sudbury,Ontario - Sudbury
Ontario - Greater Sudbury,Ontario - Greater Sudbury
Ontario - Timiskaming,Ontario - Timiskaming
Ontario - Cochrane,Ontario - Cochrane
Ontario - Algoma,Ontario - Algoma
Ontario - Thunder Bay,Ontario - Thunder Bay
Ontario - Rainy River,Ontario - Rainy River
Ontario - Kenora,Ontario - Kenora
Prairies,Prairies
Manitoba,Manitoba
Manitoba - Division No. 1,Manitoba - Division No. 1
Manitoba - Division No. 2,Manitoba - Division No. 2
Manitoba - Division No. 3,Manitoba - Division No. 3
Manitoba - Division No. 4,Manitoba - Division No. 4
Manitoba - Division No. 5,Manitoba - Division No. 5
Manitoba - Division No. 6,Manitoba - Division No. 6
Manitoba - Division No. 7,Manitoba - Division No. 7
Manitoba - Division No. 8,Manitoba - Division No. 8
Manitoba - Division No. 9,Manitoba - Division No. 9
Manitoba - Division No. 10,Manitoba - Division No. 10
Manitoba - Division No. 11,Manitoba - Division No. 11
Manitoba - Division No. 12,Manitoba - Division No. 12
Manitoba - Division No. 13,Manitoba - Division No. 13
Manitoba - Division No. 14,Manitoba - Division No. 14
Manitoba - Division No. 15,Manitoba - Division No. 15
Manitoba - Division No. 16,Manitoba - Division No. 16
Manitoba - Division No. 17,Manitoba - Division No. 17
Manitoba - Division No. 18,Manitoba - Division No. 18
Manitoba - Division No. 19,Manitoba - Division No. 19
Manitoba - Division No. 20,Manitoba - Division No. 20
Manitoba - Division No. 21,Manitoba - Division No. 21
Manitoba - Division No. 22,Manitoba - Division No. 22
Manitoba - Division No. 23,Manitoba - Division No. 23
Saskatchewan,Saskatchewan
Saskatchewan - Division No. 1,Saskatchewan - Division No. 1
Saskatchewan - Division No. 2,Saskatchewan - Division No. 2
Saskatchewan - Division No. 3,Saskatchewan - Division No. 3
Saskatchewan - Division No. 4,Saskatchewan - Division No. 4
Saskatchewan - Division No. 5,Saskatchewan - Division No. 5
Saskatchewan - Division No. 6,Saskatchewan - Division No. 6
Saskatchewan - Division No. 7,Saskatchewan - Division No. 7
Saskatchewan - Division No. 8,Saskatchewan - Division No. 8
Saskatchewan - Division No. 9,Saskatchewan - Division No. 9
Saskatchewan - Division No. 10,Saskatchewan - Division No. 10
Saskatchewan - Division No. 11,Saskatchewan - Division No. 11
Saskatchewan - Division No. 12,Saskatchewan - Division No. 12
Saskatchewan - Division No. 13,Saskatchewan - Division No. 13
Saskatchewan - Division No. 14,Saskatchewan - Division No. 14
Saskatchewan - Division No. 15,Saskatchewan - Division No. 15
Saskatchewan -  Division No. 16,Saskatchewan -  Division No. 16
Saskatchewan - Division No. 17,Saskatchewan - Division No. 17
Saskatchewan - Division No. 18,Saskatchewan - Division No. 18
Alberta,Alberta
Alberta - Division No. 1,Alberta - Division No. 1
Alberta - Division No. 2,Alberta - Division No. 2
Alberta - Division No. 3,Alberta - Division No. 3
Alberta - Division No. 4,Alberta - Division No. 4
Alberta - Division No. 5,Alberta - Division No. 5
Alberta - Division No. 6,Alberta - Division No. 6
Alberta - Division No. 7,Alberta - Division No. 7
Alberta - Division No. 8,Alberta - Division No. 8
Alberta - Division No. 9,Alberta - Division No. 9
Alberta - Division No. 10,Alberta - Division No. 10
Alberta - Division No. 11,Alberta - Division No. 11
Alberta - Division No. 12,Alberta - Division No. 12
Alberta - Division No. 13,Alberta - Division No. 13
Alberta - Division No. 14,Alberta - Division No. 14
Alberta - Division No. 15,Alberta - Division No. 15
Alberta - Division No. 16,Alberta - Division No. 16
Alberta - Division No. 17,Alberta - Division No. 17
Alberta - Division No. 18,Alberta - Division No. 18
Alberta - Division No. 19,Alberta - Division No. 19
British Columbia,Colombie-Britannique
British Columbia - East Kootenay,Colombie-Britannique - East Kootenay
British Columbia - Central Kootenay,Colombie-Britannique - Central Kootenay
British Columbia - Kootenay Boundary,Colombie-Britannique - Kootenay Boundary
British Columbia - Okanagan-Similkameen,Colombie-Britannique - Okanagan-Similkameen
British Columbia - Fraser Valley,Colombie-Britannique - Fraser Valley
British Columbia - Greater Vancouver,Colombie-Britannique - Greater Vancouver
British Columbia - Capital,Colombie-Britannique - Capital
British Columbia - Cowichan Valley,Colombie-Britannique - Cowichan Valley
British Columbia - Nanaimo,Colombie-Britannique - Nanaimo
British Columbia - Alberni-Clayoquot,Colombie-Britannique - Alberni-Clayoquot
British Columbia - Strathcona,Colombie-Britannique - Strathcona
British Columbia - Comox Valley,Colombie-Britannique - Comox Valley
British Columbia - Powell River,Colombie-Britannique - Powell River
British Columbia - Sunshine Coast,Colombie-Britannique - Sunshine Coast
British Columbia - Squamish-Lillooet,Colombie-Britannique - Squamish-Lillooet
British Columbia - Thompson-Nicola,Colombie-Britannique - Thompson-Nicola
British Columbia - Central Okanagan,Colombie-Britannique - Central Okanagan
British Columbia - North Okanagan,Colombie-Britannique - North Okanagan
British Columbia - Columbia-Shuswap,Colombie-Britannique - Columbia-Shuswap
British Columbia - Cariboo,Colombie-Britannique - Cariboo
British Columbia - Mount Waddington,Colombie-Britannique - Mount Waddington
British Columbia - Central Coast,Colombie-Britannique - Central Coast
British Columbia - Skeena-Queen Charlotte,Colombie-Britannique - Skeena-Queen Charlotte
British Columbia - Kitimat-Stikine,Colombie-Britannique - Kitimat-Stikine
British Columbia - Bulkley-Nechako,Colombie-Britannique - Bulkley-Nechako
British Columbia - Fraser-Fort George,Colombie-Britannique - Fraser-Fort George
British Columbia - Peace River,Colombie-Britannique - Peace River
British Columbia - Stikine,Colombie-Britannique - Stikine
British Columbia - Northern Rockies,Colombie-Britannique - Northern Rockies
Territories,Territoires
Yukon,Yukon
Northwest Territories,Territoires du Nord-Ouest
Northwest Territories - Region 1,Territoires du Nord-Ouest - Region 1
Northwest Territories - Region 2,Territoires du Nord-Ouest - Region 2
Northwest Territories - Region 3,Territoires du Nord-Ouest - Region 3
Northwest Territories - Region 4,Territoires du Nord-Ouest - Region 4
Northwest Territories - Region 5,Territoires du Nord-Ouest - Region 5
Northwest Territories - Region 6,Territoires du Nord-Ouest - Region 6
Nunavut,Nunavut
Nunavut - Baffin,Nunavut - Baffin
Nunavut - Keewatin,Nunavut - Keewatin
Nunavut - Kitikmeot,Nunavut - Kitikmeot