Abbreviations,Abréviation
Abortion,Avortement
Access to education,Accès à l'éducation
Access to information,Accès à l'information
Accessibility,Accessibilité
Accessibility for persons with disabilities,Accessibilité aux personnes handicapées
Accessible transport,Transport accessible
Accident prevention,Prévention des accidents
Accidents,Accident
Accountability,Imputabilité
Accounting,Comptabilité
Accounting standards,Normes comptables
Acculturation,Acculturation
Acid rain,Pluies acides
Acquisitions (Businesses),Acquisition (Entreprise)
Acquittal,Acquittement
Actuarial science,Actuariat
Addiction,Dépendance
Adjustment,Adaptation
Administrative data,Données administratives
Administrative law,Droit administratif
Administrative services,Services administratifs
Administrative writing,Rédaction administrative
Adolescence,Adolescence
Adolescents,Adolescent
Adoption,Adoption
Adoptive parents,Parent adoptif
Adulthood,Âge adulte
Adults,Adulte
Advertising,Publicité
Advisory committees,Comité consultatif
Advisory services,Services consultatifs
Advocacy,Défense des droits
Aerial photography,Photographie aérienne
Aeronautical maps,Carte aéronautique
Aerospace industry,Industrie de l'aérospatiale
Affirmative action,Action positive
Afforestation,Boisement
Agenda,Ordre du jour
Aging,Vieillissement
Agreements,Accord
Agri-food industry,Industrie agro-alimentaire
Agri-food products,Produit agro-alimentaire
Agricultural assistance,Aide à l'agriculture
Agricultural economics,Économie agricole
Agricultural fairs,Foire agricole
Agricultural policy,Politique agricole
Agricultural technology,Technologie agricole
Agricultural workers,Travailleur agricole
Agriculture,Agriculture
Agriculture statistics,Statistiques de l'agriculture
Aid programs,Programme d'aide
AIDS (disease),Sida
Air,Air
Air conditioning,Climatisation
Air pollution,Pollution atmosphérique
Air quality,Qualité de l'air
Air safety,Sécurité aérienne
Air temperature,Température de l'air
Air transport,Transport aérien
Air transport industry,Industrie du transport aérien
Aircraft,Aéronef
Aircraft accidents,Accident d'aviation
Aircraft anti-icing,Antigivrage des aéronefs
Aircraft de-icing,Dégivrage des aéronefs
Airlines,Compagnie aérienne
Airplanes,Avion
Airport authorities,Administration aéroportuaire
Airports,Aéroport
Alcohol consumption,Consommation d'alcool
Alcohol education,Prévention de l'alcoolisme
Alcoholic beverages,Boisson alcoolisée
Alcoholism,Alcoolisme
Allergies,Allergie
Allied forces,Forces alliées
Allotments,Allocation de crédits
Allowances,Allocation
Almanacs,Almanach
Alternative energy,Énergie de remplacement
Alternative fuels,Carburant de remplacement
Alternative medicine,Médecine douce
Alzheimer's disease,Maladie d'Alzheimer
Amateur sports,Sport amateur
Amendments,Amendement
Amphibians,Amphibien
Analysis,Analyse
Analytics,Analytique
Anatomy,Anatomie
Animal diseases,Maladie animale
Animal health,Santé animale
Animal husbandry,Élevage
Animal inspection,Inspection des animaux
Animal migrations,Migration animale
Animal nutrition,Alimentation animale
Animal populations,Population animale
Animal reproduction,Reproduction animale
Animal research,Recherche sur les animaux
Animal rights,Droits des animaux
Animal testing,Expérimentation sur les animaux
Animals,Animal
Annual reports,Rapport annuel
Antarctic,Antarctique
Anthropology,Anthropologie
Anti-dumping,Droits antidumping
Apartment buildings,Immeuble d'habitation
Appeals,Appel
Apples,Pomme
Applicants,Demandeur
Applied research,Recherche appliquée
Appointments,Nomination
Approval processes,Procédure d'agrément
Aquaculture,Aquaculture
Aquariums,Aquarium
Aquatic animals,Animal aquatique
Aquatic birds,Oiseau aquatique
Aquatic ecosystems,Écosystème aquatique
Aquatic plants,Plante aquatique
Aquatic wildlife,Faune aquatique
Arachnids,Arachnide
Arbitration,Arbitrage
Archaeological investigations,Fouilles archéologiques
Archaeology,Archéologie
Architectural drawings,Dessin d'architecture
Architectural heritage,Patrimoine architectural
Architectural services,Service de l'architecture
Architecture,Architecture
Archives,Archives
Arctic,Arctique
Arctic ecosystems,Écosystème arctique
Armed forces,Forces armées
Armouries,Arsenal
Arms control,Contrôle des armements
Arrests,Arrestation
Art exhibitions,Exposition d'oeuvres d'art
Art galleries,Galerie d'art
Art works,Œuvre d'art
Artefacts,Artefact
Arthritis,Arthrite
Arthropods,Arthropode
Artificial insemination,Insémination artificielle
Artificial intelligence,Intelligence artificielle
Artists,Artiste
Arts,Arts
Asexual people,Personne asexuelle
Assessment,Évaluation
Assets,Actif
Assignments,Affectation
Assistive technologies,Technologie d'aide
Associations,Association
Astronaut training,Entraînement des astronautes
Astronauts,Astronaute
Astronomical observatories,Observatoire
Astronomy,Astronomie
Athletes,Athlète
Atlantic provinces,Provinces atlantiques
Atlases,Atlas
Atmospheric emissions,Émissions atmosphériques
Attitudes,Attitude
Auctions,Vente aux enchères
Audiovisual equipment,Équipement audiovisuel
Audit,Vérification
Authentication,Authentification
Authorization,Autorisation
Authors,Auteur
Automation,Automatisation
Automobile industry,Industrie de l'automobile
Automobile safety equipment,Équipement de sécurité automobile
Automobiles,Automobile
Avalanches,Avalanche
Aviation,Aviation
Aviation industry,Industrie de l'aéronautique
Awards,Récompense
Awareness,Sensibilisation
Bacteria,Bactérie
Bacteriology,Bactériologie
Banking,Opération bancaire
Bankruptcies,Faillite
Banks,Banque
Barley,Orge
Battlefields,Champ de bataille
Beans,Haricot
Beef cattle,Bovins de boucherie
Beekeeping,Apiculture
Beer,Bière
Behaviour,Comportement
Benchmarks,Repère
Beneficiaries,Bénéficiaire
Benefits,Avantages sociaux
Best practices,Meilleures pratiques
Beverage industry,Industrie des boissons
Beverages,Boisson
Bibliographic data interchange,Échange de données bibliographiques
Bibliographies,Bibliographie
Bicycle paths,Piste cyclable
Bicycle safety equipment,Équipement de sécurité cycliste
Bilingual services,Services bilingues
Bilingualism,Bilinguisme
Bills of sale,Acte de vente
Bioassay,Épreuve biologique
Biochemicals,Produit biochimique
Biochemistry,Biochimie
Biodegradation,Biodégradation
Bioenergy,Bioénergie
Bioethics,Bioéthique
Biographies,Biographie
Biological diversity,Diversité biologique
Biological products,Produit biologique
Biological warfare,Guerre biologique
Biological weapons,Arme biologique
Biology,Biologie
Biomass,Biomasse
Biomedical experiments,Expérimentation biomédicale
Biotechnology,Biotechnologie
Birds,Oiseau
Birth,Naissance
Birth certificates,Certificat de naissance
Birth rate,Taux de natalité
Bisexual people,Personne bisexuelle
Blindness,Cécité
Blood supply,Approvisionnement en sang
Board of directors,Conseil d'administration
Bonds,Obligations
Booklets,Brochure
Books,Livre
Border crossing,Passage des frontières
Boreal ecosystems,Écosystème boréal
Borrowers,Emprunteur
Botanical gardens,Jardin botanique
Botany,Botanique
Boundaries,Frontière
Boundary waters,Eaux limitrophes
Braille,Braille
Branches,Direction
Breast cancer,Cancer du sein
Bridges,Pont
Briefing papers,Document d'information
Broadcasting,Radiodiffusion
Broadcasting industry,Industrie de la radiodiffusion
Budget planning,Planification budgétaire
Budgets,Budget
Buildings,Bâtiment
Burials,Inhumation
Buses,Autobus
Business accelerators,Accélérateur d'entreprise
Business development,Développement de l'entreprise
Business incubators,Incubateur d'entreprises
Business intelligence,Renseignements d'affaires
Business loans,Prêt à l'entreprise
Business names,Nom commercial
Business numbers,Numéro d'entreprise
Business opportunities,Possibilité d'affaires
Business plans,Plan d'affaires
Business services,Services aux entreprises
Business start-ups,Démarrage d'une entreprise
Business types,Type d'entreprise
Businesses,Entreprise
Butter,Beurre
Butterflies,Papillon
Buyers,Acheteur
By-elections,Élection partielle
By-laws,Règlement administratif
Cabinet,Conseil des ministres
Cable television,Câblodistribution
Caisses populaires,Caisse populaire
Calendar year,Année civile
Call for tenders,Appel d'offres
Canadian-American relations,Relations canado-américaines
Canadian history,Histoire du Canada
Canadian identity,Identité canadienne
Canadian literature,Littérature canadienne
Canadian studies,Études canadiennes
Canals,Canal
Cancer,Cancer
Candidates,Candidat
Canola oil,Huile de canola
Capital,Capital
Capital markets,Marché de capitaux
Cardiovascular diseases,Maladie cardiovasculaire
Caregivers,Soignant
Carrots,Carotte
Cartographic records,Archives cartographiques
Cartography,Cartographie
Case studies,Étude de cas
Casinos,Casino
Catalogues,Catalogue
Cataloguing,Catalogage
Cattle,Bovins
CD-ROMs,Cédérom
Cells,Cellule
Cellular telephones,Téléphone cellulaire
Cemeteries,Cimetière
Censorship,Censure
Census,Recensement
Census data,Données du recensement
Central banks,Banque centrale
Central provinces,Provinces du Centre
Centralization,Centralisation
Ceramics,Céramique
Cereals,Céréale
Certificate of origin,Certificat d'origine
Certification,Accréditation
Change of address,Changement d'adresse
Charitable donations,Don de charité
Charitable organizations,Organisme de bienfaisance
Charter of rights and freedoms,Charte des droits et libertés
Charters,Charte
Cheese,Fromage
Chemical industry,Industrie chimique
Chemical warfare,Guerre chimique
Chemical weapons,Arme chimique
Chemicals,Produit chimique
Chemistry,Chimie
Chief Electoral Officer,Directeur général des élections
Chief Financial Officer,Directeur des finances
Chief Human Resources Officer,Dirigeant principal des ressources humaines
Chief Information Officer,Dirigeant principal de l'information
Child care,Soin de l'enfant
Child custody,Garde des enfants
Child development,Développement de l'enfant
Child poverty,Pauvreté dans l'enfance
Child safety,Sécurité de l'enfant
Child support,Pension alimentaire
Childhood,Enfance
Childhood diseases,Maladie infantile
Children,Enfant
Children's books,Livre pour enfant
Children's health,Santé de l'enfant
Children's literature,Littérature de jeunesse
Children's rights,Droits de l'enfant
Chronic diseases,Maladie chronique
Cinema,Cinéma
Citizen participation,Participation du citoyen
Citizenship,Citoyenneté
Citizenship documents,Preuve de citoyenneté
Civil aviation,Aviation civile
Civil law,Droit civil
Civil rights,Droits civils
Civilian aircraft,Aéronef civil
Claims,Revendication
Claims processing,Traitement des demandes
Classification,Classification
Clean technology,Technologie propre
Client satisfaction,Satisfaction du client
Clients,Client
Climate,Climat
Climate archives,Archives climatologiques
Climate change,Changement climatique
Cloning,Clonage
Clothing,Habillement
Clothing industry,Industrie du vêtement
Coaching,Assistance professionnelle
Coal,Charbon
Coast guard,Garde côtière
Coastal waters,Eaux côtières
Coasts,Littoral
Codes of practice,Code de pratiques
Coding,Codification
Coffee,Café
Coins,Pièce de monnaie
Collaborative research,Recherche coopérative
Collections,Collection
Collective agreements,Convention collective
Collective bargaining,Négociation collective
Colleges,Collège
Colonization,Colonisation
Commemoration,Commémoration
Commercial architecture,Architecture commerciale
Commercial buildings,Bâtiment commercial
Commercial law,Droit commercial
Commercial ships,Navire commercial
Commercialization,Commercialisation
Commissions of inquiry,Commission d'enquête
Committees,Comité
Commodities,Produit de base
Common-law unions,Union de fait
Commonwealth,Commonwealth
Communications,Communications
Communications equipment,Équipement de communications
Communications industry,Industrie des communications
Community development,Développement communautaire
Community education,Éducation communautaire
Community infrastructures,Infrastructure communautaire
Community justice,Justice communautaire
Community partnerships,Partenariat communautaire
Community programs,Programme communautaire
Community radio,Radio communautaire
Community relations,Relations communautaires
Community services,Services communautaires
Compact discs,Disque compact
Comparison,Comparaison
Competition,Concurrence
Competitiveness,Compétitivité
Complaints,Plainte
Compliance,Conformité
Composting,Compostage
Comptrollership,Fonction de contrôleur
Computer crime,Crime informatique
Computer networks,Réseau informatique
Computer programming,Programmation d'ordinateur
Computer science,Informatique
Computer security,Sécurité informatique
Computer services,Services informatiques
Computer systems,Système informatique
Computers,Ordinateur
Conciliation,Conciliation
Concrete,Béton
Conferences,Congrès
Confidentiality,Confidentialité
Conflict resolution,Résolution de conflit
Conflicts,Conflit
Conflicts of interest,Conflit d'intérêt
Conglomerates,Conglomérat
Conservation,Conservation
Conservation areas,Aire de conservation
Consortia,Consortium
Constitution,Constitution
Constitutional law,Droit constitutionnel
Construction,Construction
Construction industry,Industrie de la construction
Construction materials,Matériau de construction
Consular services,Services consulaires
Consultations,Consultation
Consulting,Service conseil
Consumer loans,Prêt à la consommation
Consumer products,Produit de consommation
Consumer protection,Protection du consommateur
Consumerism,Consommation
Consumers,Consommateur
Contact,Personne-ressource
Contaminated sites,Site contaminé
Continuing education,Éducation permanente
Contracting,Passation des marchés
Contracts,Contrat
Contravention,Contravention
Control,Contrôle
Conviction,Condamnation
Cooking,Art culinaire
Cooperation,Coopération
Cooperation agreements,Accord de coopération
Cooperative education,Enseignement coopératif
Cooperatives,Coopérative
Coordination,Coordination
Copyright,Droit d'auteur
Copyright clearance,Affranchissement des droits
Corn,Maïs
Coronavirus disease-19,Coronavirus du Covid-19
Coronavirus disease (COVID-19),Maladie à coronavirus (Covid-19)
Coronavirus disease 2019,Maladie à coronavirus 2019
Coronavirus diseases,Maladie à coronavirus
Coronavirus infections,Infections à coronavirus
Coronaviruses,Coronavirus
Corporate image,Image de marque
Corporate income tax,Impôt sur le revenu des sociétés
Corporate names,Raison sociale
Corporations,Sociétés
Correctional institutions,Établissement pénitentiaire
Correspondence,Correspondance
Corruption,Corruption
Cost benefit analysis,Analyse coût-bénéfice
Costs,Coût
Costume,Costume
Counselling services,Service d'orientation
Couples,Couple
Court appearances,Comparution
Court decisions,Décision du tribunal
Courts,Tribunal
COVID-19 (Disease),Maladie de la COVID-19
COVID-19 virus disease,"Covid-19, Virus du"
Crafts,Artisanat
Cream,Crème
Credit,Crédit
Credit unions,Société de crédit
Crime,Crime
Crime against humanity,Crime contre l'humanité
Crime prevention,Prévention de la criminalité
Criminal code,Code criminel
Criminal investigations,Enquête criminelle
Criminal justice,Justice pénale
Criminal law,Droit criminel
Criminal records,Casier judiciaire
Crisis,Crise
Crop insurance,Assurance-récolte
Crop rotation,Rotation des cultures
Crops,Cultures
Crown assets,Biens de la Couronne
Crown corporations,Société d'État
Crown lands,Terres de la Couronne
Cruise ships,Navire de croisière
Crustaceans,Crustacé
Cryptography,Cryptographie
Cultural development,Développement culturel
Cultural diversity,Diversité culturelle
Cultural events,Événement culturel
Cultural groups,Groupe culturel
Cultural heritage,Patrimoine culturel
Cultural industry,Industrie culturelle
Cultural institutions,Institution culturelle
Cultural policy,Politique culturelle
Cultural programming,Programmation culturelle
Cultural studies,Études culturelles
Culture,Culture
Currency,Monnaie
Curriculum,Curriculum
Customer services,Service à la clientèle
Customs,Coutume
Customs and excise,Douanes
Cycling,Cyclisme
Daily life,Vie quotidienne
Dairy cattle,Bovins laitiers
Dairy industry,Industrie laitière
Dairy products,Produit laitier
Dams,Barrage
Dance,Danse
Data dictionaries,Dictionnaire de données
Data mining,Exploration de données
Data processing,Traitement des données
Data protection,Protection des données
Databases,Base de données
Daycare,Garderie
Daylight saving time,Heure avancée
Deafness,Surdité
Death,Mort
Death certificates,Certificat de décès
Death rate,Taux de mortalité
Debt,Dette
Debt management,Gestion de la dette
Debt redemption,Remboursement de la dette
Debtors,Débiteur
Decentralization,Décentralisation
Decision making,Prise de décision
Decisions,Décision
Decontamination,Décontamination
Decorations,Décoration
Decorative arts,Arts décoratifs
Defaulted loans,Prêt non remboursé
Defence industry,Industrie de la défense
Defence policy,Politique de défense
Deficit,Déficit
Deforestation,Déboisement
Degenerative diseases,Maladie dégénérative
Delegation of authority,Délégation de pouvoir
Delegations,Délégation
Deliveries,Livraison
Demand,Demande
Demining,Déminage
Demographic data,Données démographiques
Demographic maps,Carte démographique
Demographic statistics,Statistiques démographiques
Demography,Démographie
Dental insurance,Assurance dentaire
Departmental relations,Relations ministérielles
Departments,Ministère
Deportation,Déportation
Design,Conception
Destroyers,Destroyer
Detection,Détection
Developing countries,Pays en développement
Development,Développement
Development tools,Outil de développement
Devolution,Transfert de responsabilités
Diabetes,Diabète
Diagnosis,Diagnostic
Diamonds,Diamant
Dictionaries,Dictionnaire
Diesel fuel,Carburant diesel
Digital collections,Collection numérique
Digital elevation data,Données numériques d'élévation
Digital libraries,Bibliothèque numérique
Digital recordings,Enregistrement numérique
Digital technology,Technologie numérique
Digitization,Numérisation
Digitized information,Information numérisée
Diplomatic missions,Mission diplomatique
Direct marketing,Marketing direct
Directories,Répertoire
Disabilities,Déficience
Disability pensions,Pension d'invalidité
Disadvantaged persons,Personne défavorisée
Disaster relief,Secours en cas de désastre
Disasters,Désastre
Disbursements,Décaissement
Discharge,Congédiement
Disclosure of wrongdoing,Divulgation d'actes fautifs
Discounts,Rabais
Discrimination,Discrimination
Diseases,Maladie
Dismissal,Révocation
Disposal services,Service d'aliénation
Dissolution,Dissolution
Distance education,Formation à distance
Distribution,Distribution
Diversification,Diversification
Divestiture,Dessaisissement
Division of powers,Répartition des pouvoirs
Divisions,Division
Divorce,Divorce
Domestic animals,Animal domestique
Domestic architecture,Architecture domestique
Domestic markets,Marché intérieur
Domestic trade,Commerce intérieur
Domestic waste,Déchets domestiques
Donations,Don
Drainage,Drainage
Drawings,Dessin
Drilling,Forage
Drinking water,Eau potable
Driver education,Cours de conduite automobile
Driving,Conduite
Drought,Sécheresse
Drug addiction,Toxicomanie
Drug education,Prévention de la toxicomanie
Drug insurance,Assurance médicaments
Drug labelling,Étiquetage des médicaments
Drug laws,Loi sur les médicaments
Drug use,Consommation de drogues
Drugs,Médicament
Dumping,Dumping
Duty to accommodate,Obligation d'adaptation
Earth sciences,Sciences de la terre
Earthquakes,Tremblement de terre
East-West relations,Relations est-ouest
Ecology,Écologie
Economic analysis,Analyse économique
Economic conditions,Conditions économiques
Economic crime,Crime économique
Economic development,Développement économique
Economic forecasting,Prévision économique
Economic history,Histoire économique
Economic impact,Impact économique
Economic indicators,Indicateur économique
Economic issues,Questions économiques
Economic policy,Politique économique
Economic regulations,Réglementation en matière d'économie
Economic research,Recherche économique
Economic sanctions,Sanction économique
Economic statistics,Statistiques économiques
Economic trends,Tendances économiques
Economics,Science économique
Economy,Économie
Ecosystems,Écosystème
Edible oils and fats,Huiles et gras comestibles
Education,Éducation / Enseignement
Education indicators,Indicateur de l'éducation
Education policy,Politique éducative
Educational funding,Financement de l'éducation
Educational guidance,Orientation scolaire
Educational institutions,Établissement d'enseignement
Educational resources,Ressources pédagogiques
Educational technology,Technologie éducative
Eggs,Oeuf
Elder abuse,Violence faite aux personnes âgées
Elderly care,Soin de la personne âgée
Elections,Élections
Electoral districts,Circonscription électorale
Electoral system,Système électoral
Electric power stations,Centrale électrique
Electric vehicles,Véhicule électrique
Electrical appliances,Appareil électrique
Electrical equipment,Équipement électrique
Electricity,Électricité
Electronic commerce,Commerce électronique
Electronic data interchange,Échange électronique d'information
Electronic documents,Document électronique
Electronic equipment,Équipement électronique
Electronic government,Gouvernement en ligne
Electronic information,Information électronique
Electronic mail,Courrier électronique
Electronic monitoring,Surveillance électronique
Electronic publishing,Édition électronique
Electronic waste,Déchets électroniques
Electronics,Électronique
Electronics industry,Industrie de l'électronique
Elementary education,Enseignement primaire
Elementary schools,École primaire
Eligibility,Admissibilité
Emblems,Emblème
Emergency preparedness,Protection civile
Emergency relief,Secours d'urgence
Emergency services,Services d'urgence
Emigration,Émigration
Emission control technology,Technologie antipollution
Employee discipline,Discipline du travail
Employers,Employeur
Employment,Emploi
Employment abroad,Emploi à l'étranger
Employment act,Loi sur l'emploi
Employment centres,Centre d'emploi
Employment equity,Équité en matière d'emploi
Employment insurance,Assurance-emploi
Employment opportunities,Possibilité d'emploi
Employment programs,Programme d'emploi
Encyclopaedias,Encyclopédie
Endangered species,Espèce menacée
Energy,Énergie
Energy conservation,Conservation de l'énergie
Energy efficiency,Rendement énergétique
Energy management,Gestion énergétique
Energy policy,Politique énergétique
Energy production,Production d'énergie
Energy supply,Disponibilités énergétiques
Energy technology,Technologie énergétique
Energy use,Consommation d'énergie
Enforcement,Contrôle d'application
Engineering,Ingénierie
English language,Anglais
English second language,Anglais langue seconde
Enrolment applications,Demande d'admission
Entitlement,Transfert de droit
Entomology,Entomologie
Entrepreneurs,Entrepreneur
Entrepreneurship,Entrepreneuriat
Entry to Canada,Entrée au Canada
Environment,Environnement
Environmental accidents,Accident environnemental
Environmental adaptation,Adaptation à l'environnement
Environmental agreements,Accord en matière d'environnement
Environmental economics,Économie de l'environnement
Environmental education,Éducation à l'environnement
Environmental emergencies,Urgence environnementale
Environmental hazards,Risque pour l'environnement
Environmental impact,Impact sur l'environnement
Environmental impact assessment,Évaluation environnementale
Environmental indicators,Indicateur environnemental
Environmental law,Droit de l'environnement
Environmental management,Gestion de l'environnement
Environmental policy,Politique environnementale
Environmental programs,Programme relatif à l'environnement
Environmental protection,Protection de l'environnement
Environmental quality,Qualité de l'environnement
Environmental sciences,Sciences de l'environnement
Environmental services,Services environnementaux
Environmental standards,Norme relative à l'environnement
Environmental technology,Technologie environnementale
Epidemics,Épidémie
Epidemiology,Épidémiologie
Equal opportunities,Égalité des chances
Equipment,Équipement
Equipment industry,Industrie de l'équipement
Ergonomics,Ergonomie
Erosion,Érosion
Estates,Succession
Estimates,Prévisions budgétaires
Estuaries,Estuaire
Ethics,Éthique
Ethnic groups,Groupe ethnique
Ethnic minorities,Minorité ethnique
Ethnology,Ethnologie
Euthanasia,Euthanasie
Evacuations,Évacuation
Evidence,Preuve
Exchange programs,Programme d'échanges
Exchange rates,Taux de change
Excise,Accise
Excise taxes,Taxe d'accise
Exclusion,Exclusion
Executives,Personnel de direction
Exemption,Dérogation
Expectations,Attentes
Expenditure management,Gestion des dépenses
Expenditures,Dépenses
Experiments,Expérimentation
Expertise,Expertise
Explorations,Exploration
Explosions,Explosion
Explosives,Explosif
Exports,Exportation
Expropriation,Expropriation
External relations,Relations extérieures
Extraction,Extraction
Extradition,Extradition
Family,Famille
Family allowances,Allocations familiales
Family businesses,Entreprise familiale
Family education,Éducation familiale
Family law,Droit de la famille
Family planning,Planification des naissances
Family violence,Violence familiale
Famine,Famine
Farm buildings,Bâtiment agricole
Farmlands,Terre agricole
Farms,Exploitation agricole
Feasibility studies,Étude de faisabilité
Federal contracts,Contrat du gouvernement fédéral
Federal departments,Ministère du gouvernement fédéral
Federal government,Gouvernement fédéral
Federal institutions,Institution fédérale
Federal programs,Programme fédéral
Federal provincial agreements,Accord fédéral-provincial
Federal provincial relations,Relations fédérales-provinciales
Federal taxes,Impôt fédéral
Federal territorial agreements,Accord fédéral-territorial
Federal territorial relations,Relations fédérales-territoriales
Fees,Frais
Ferries,Traversier
Fertility,Fécondité
Fertilizers,Engrais
Festivals,Festival
Fiduciary obligations,Obligation fiduciaire
Film industry,Industrie cinématographique
Finance,Finances
Financial analysis,Analyse financière
Financial assistance,Aide financière
Financial audit,Vérification comptable
Financial crisis,Crise financière
Financial institutions,Institution financière
Financial management,Gestion financière
Financial services,Services financiers
Financial statements,États financiers
Financing companies,Société de financement
Fines,Amende
Fire,Incendie
Fire prevention,Prévention des incendies
Firearms,Arme à feu
First Nations,Premières nations
Fiscal agreements,Accord fiscal
Fiscal assistance,Aide fiscale
Fiscal issues,Questions fiscales
Fiscal law,Droit fiscal
Fiscal policy,Politique fiscale
Fish,Poisson
Fish farming,Pisciculture
Fisheries,Pêcheries
Fisheries management,Gestion des pêches
Fisheries policy,Politique des pêches
Fisheries products,Produit de la pêche
Fisheries resources,Ressources halieutiques
Fisheries technology,Technologie de la pêche
Fishing (Sport),Pêche sportive
Fishing area,Zone de pêche
Fishing permits,Permis de pêche
Fishing rights,Droits de pêche
Fishing ships,Navire de pêche
Fitness,Condition physique
Flags,Drapeau
Fleet management,Gestion du parc automobile
Floods,Inondation
Floors,Plancher
Flora,Flore
Flowcharts,Organigramme
Fluorides,Fluorure
Folk art,Art populaire
Folklore,Folklore
Food,Aliment
Food inspection,Inspection des aliments
Food irradiation,Irradiation des aliments
Food labelling,Étiquetage des aliments
Food policy,Politique alimentaire
Food processing,Transformation des aliments
Food safety,Salubrité des aliments
Food security,Sécurité alimentaire
Food supply,Disponibilités alimentaires
Forage crops,Cultures fourragères
Forecasting,Prévision
Foreign affairs,Affaires étrangères
Foreign aid,Aide à l'étranger
Foreign interference,Ingérence étrangère
Foreign investments,Investissement étranger
Foreign languages,Langue étrangère
Foreign payments,Paiement étranger
Foreign policy,Politique étrangère
Foreign service,Service diplomatique
Foreign students,Étudiant étranger
Forensics,Médecine légale
Forest fires,Incendie de forêt
Forest management,Gestion forestière
Forestry,Foresterie
Forestry industry,Industrie forestière
Forestry policy,Politique forestière
Forestry products,Produit forestier
Forestry technology,Technologie forestière
Forests,Forêt
Forgery,Falsification
Forms,Formulaire
Fossils,Fossile
Foster care placement,Placement en famille d'accueil
Foster children,Enfant en famille d'accueil
Foster families,Famille d'accueil
Franchises,Franchise
Francophonie,Francophonie
Fraud,Fraude
Free trade,Libre-échange
Free trade agreements,Accord de libre-échange
Freedom of information,Liberté d'information
Freight,Fret
French in the workplace,Français au travail
French language,Français
French second language,Français langue seconde
Frequently asked questions,Foire aux questions
Fresh water,Eau douce
Freshwater fish,Poisson d'eau douce
Frigates,Frégate
Fruit crops,Cultures fruitières
Fruits,Fruit
Fuel supply,Disponibilités en combustible
Fuels,Combustible
Fugitives from justice,Fugitif recherché par la justice
Full-time employment,Emploi à temps plein
Functional foods,Aliment fonctionnel
Functions,Fonction
Funding,Financement
Fundraising,Collecte de fonds
Fungi,Champignon
Fungicides,Fongicide
Furniture,Ameublement
Furniture industry,Industrie du meuble
Furs,Fourrure
Future,Futur
Gambling,Jeu de hasard
Game (Wildlife),Gibier
Games,Jeu
Gangs,Gangs
Gardening,Jardinage
Gardens,Jardin
Gas industry,Industrie gazière
Gases,Gaz
Gasoline,Essence
Gay men,Gai
Gay people,Personne gaie
Gazetteers,Répertoire géographique
Gender-nonconforming people,Personne non binaire
Gender discrimination,Discrimination sexuelle
Gender equality,Égalité des sexes
Genealogy,Généalogie
Genetic engineering,Génie génétique
Genetically modified foods,Aliment génétiquement modifié
Genetically modified organisms,Organisme génétiquement modifié
Genetics,Génétique
Genomics,Génomique
Geochemistry,Géochimie
Geochronology,Géochronologie
Geodesy,Géodésie
Geographic data,Données géographiques
Geographic information systems,Système d'information géographique
Geographical maps,Carte géographique
Geography,Géographie
Geological maps,Carte géologique
Geology,Géologie
Geomatics,Géomatique
Geomorphology,Géomorphologie
Geophysics,Géophysique
Geothermal energy,Énergie géothermique
Geriatrics,Gériatrie
Gerontology,Gérontologie
Gift books,Livre cadeau
Glaciers,Glacier
Glass,Verre
Glass industry,Industrie du verre
Global navigation satellite systems,Système mondial de navigation par satellite
Global positioning systems,Système de positionnement global
Global warming,Réchauffement de la planète
Globalization,Mondialisation
Gold,Or
Goods and services tax,Taxe sur les produits et services
Governance,Gouvernance
Government communications,Communications gouvernementales
Government departments,Ministère gouvernemental
Government information,Information gouvernementale
Government leader,Leader du gouvernement
Government libraries,Bibliothèque gouvernementale
Government plans,Plan gouvernemental
Government policy,Politique gouvernementale
Government priorities,Priorité gouvernementale
Government publications,Publication gouvernementale
Government services,Services gouvernementaux
Governments,Gouvernement
Governor General,Gouverneur général
Grain elevators,Silo à grains
Grains,Grain
Grants,Subvention
Grapes,Raisin
Graphic arts,Arts graphiques
Grasslands,Pâturage
Green products,Produit écologique
Greenhouse effect,Effet de serre
Greenhouse gases,Gaz à effet de serre
Greenhouses,Serre
Gross domestic product,Produit intérieur brut
Gross national product,Produit national brut
Groundwater,Eau souterraine
Growth capital,Capital de croissance
Guidelines,Lignes directrices
Habitats,Habitat
Handbooks,Manuel
Handling,Manutention
Harassment,Harcèlement
Harbour authorities,Administration portuaire
Harbours,Port
Hard rocks,Roche dure
Harmonized sales tax,Taxe de vente harmonisée
Harvest,Récolte
Hatcheries,Couveuse
Hazardous materials,Matière dangereuse
Hazardous materials transport,Transport des matières dangereuses
Hazardous waste,Déchets dangereux
Headquarters,Siège social
Health,Santé
Health care,Soins de santé
Health care facilities,Établissement de santé
Health care industry,Industrie des soins de santé
Health care products,Produit de soins de santé
Health care quality,Qualité des soins de santé
Health care system,Système de soins de santé
Health hazards,Risque pour la santé
Health impact,Impact sur la santé
Health indicators,Indicateur de santé
Health insurance,Assurance maladie
Health policy,Politique en matière de santé
Health professionals,Professionnel de la santé
Health promotion,Promotion de la santé
Health protection,Protection de la santé
Health sciences,Sciences de la santé
Hearing disabilities,Déficience auditive
Hearings,Audience
Heating,Chauffage
Helicopters,Hélicoptère
Hepatitis,Hépatite
Heraldry,Héraldique
Herbaria,Herbier
Herbicides,Herbicide
Heredity,Hérédité
Heritage,Patrimoine
Heritage buildings,Édifice patrimonial
Heritage conservation,Protection du patrimoine
Heritage languages,Langue ancestrale
Hibernation,Hibernation
High technology,Technologie de pointe
Hiking,Randonnée pédestre
Historic sites,Lieu historique
Historical hydrometric data,Données hydrométriques historiques
Historical research,Recherche historique
Historical societies,Société d'histoire
History,Histoire
Hockey,Hockey
Hogs,Porc
Holidays,Jour férié
Home-based businesses,Entreprise domiciliaire
Home economics,Économie domestique
Home education,Enseignement à domicile
Home renovations,Rénovation domiciliaire
Homelessness,Sans-abri
Homeopathy,Homéopathie
Homicide,Homicide
Honey,Miel
Horses,Cheval
Horticulture,Horticulture
Hospitality industry,Industrie hôtelière
House of Commons,Chambre des communes
Household equipment,Équipement ménager
Household finance,Crédit ménager
Household income,Revenu familial
Housing,Logement
Housing assistance,Aide au logement
Hovercraft,Aéroglisseur
Human beings,Être humain
Human capital,Capital humain
Human resources,Ressources humaines
Human rights,Droits de la personne
Human security,Sécurité humaine
Human trafficking,Traite de personnes
Humanitarian aid,Aide humanitaire
Humanitarian crisis,Crise humanitaire
Humanities,Sciences humaines
Humidity,Humidité
Humour,Humour
Hunger,Faim
Hunting (Sport),Chasse sportive
Hunting permits,Permis de chasse
Hydroelectric plants,Centrale hydroélectrique
Hydrogeology,Hydrogéologie
Hydrography,Hydrographie
Hydrology,Hydrologie
Hydrometric network,Réseau hydrométrique
Hydrometric station,Station hydrométrique
Hydrometry,Hydrométrie
Hydroponics,Culture hydroponique
Hydropower,Hydroélectricité
Hygiene,Hygiène
Ice,Glace
Ice caps,Calotte glaciaire
Icebreakers,Brise-glace
Ichthyology,Ichtyologie
Identification,Identification
Idioms,Idiome
Igneous rocks,Roche ignée
Illustrations,Illustration
Immigrants,Immigrant
Immigration,Immigration
Immigration policy,Politique d'immigration
Immunization,Immunisation
Impact studies,Étude d'impact
Implementation,Implantation
Imports,Importation
Imprisonment,Emprisonnement
Incentives,Incitatif
Income,Revenu
Income security,Sécurité du revenu
Income tax,Impôt sur le revenu
Incorporation,Incorporation
Indemnities,Indemnité
Independent living,Autonomie personnelle
Indexes,Index
Indicators,Indicateur
Indigenous affairs,Affaires autochtones
Indigenous businesses,Entreprise autochtone
Indigenous culture,Culture autochtone
Indigenous governments,Gouvernement autochtone
Indigenous lands,Terres autochtones
Indigenous languages,Langue autochtone
Indigenous law,Droit autochtone
Indigenous peoples,Autochtones
Indigenous policing,Police des autochtones
Indigenous programs,Programme pour autochtones
Indigenous reserves,Réserve autochtone
Indigenous rights,Droits des autochtones
Indigenous youth,Jeune autochtone
Industrial buildings,Bâtiment industriel
Industrial design,Dessin industriel
Industrial development,Développement industriel
Industrial management,Gestion industrielle
Industrial policy,Politique industrielle
Industrial productivity,Productivité industrielle
Industrial products,Produit industriel
Industrial research,Recherche industrielle
Industrial technology,Technologie industrielle
Industrial waste,Déchets industriels
Industrial workers,Travailleur de l'industrie
Industry,Industrie
Industry analysis,Analyse de l'industrie
Industry assistance,Aide à l'industrie
Industry classification,Classification des industries
Inequality,Inégalité
Infant care,Soin du nouveau-né
Infant nutrition,Alimentation du nouveau-né
Infants,Nouveau-né
Infected blood,Sang contaminé
Infectious diseases,Maladie infectieuse
Inflation,Inflation
Influenza,Grippe
Information,Information
Information bulletin,Bulletin d'information
Information dissemination,Diffusion de l'information
Information management,Gestion de l'information
Information policy,Politique d'information
Information requests,Demande d'information
Information systems,Système d'information
Information technology,Technologie de l'information
Infrastructures,Infrastructure
Inheritance,Héritage
Initial public offering,Placement initial
Injunctions,Injonction
Injuries,Blessure
Inland waters,Eaux intérieures
Inmates,Détenu
Innovation,Innovation
Innu,Innu
Inquiry,Enquête publique
Insecticides,Insecticide
Insects,Insecte
Inspection,Inspection
Instructional materials,Matériel didactique
Insulation,Isolation thermique
Insurable earnings,Rémunération assurable
Insurance,Assurance
Insurance companies,Compagnie d'assurances
Integrated management,Gestion intégrée
Integration,Intégration
Intellectual capital,Capital intellectuel
Intellectual disabilities,Déficience intellectuelle
Intellectual property,Propriété intellectuelle
Intelligent systems,Système intelligent
Intelligent transportation systems,Système de transport intelligent
Intercity transport,Transport interurbain
Interest groups,Groupe d'intérêt
Interest rates,Taux d'intérêt
Intergovernmental organizations,Organisme intergouvernemental
Intergovernmental relations,Relations intergouvernementales
Interlibrary loans,Prêt entre bibliothèques
Internal audits,Audit interne
Internal migration,Migration interne
International adoption,Adoption internationale
International agreements,Accord international
International business development,Développement du commerce international
International cooperation,Coopération internationale
International courts,Tribunal international
International development,Développement international
International economics,Économie internationale
International exhibitions,Exposition internationale
International finance,Finances internationales
International law,Droit international
International markets,Marché international
International organizations,Organisme international
International programs,Programme international
International security,Sécurité internationale
International telecommunications,Télécommunications internationales
International trade,Commerce extérieur
International transport,Transport international
International travel,Voyage international
Internet,Internet
Internships,Stage
Interpersonal relations,Relations interpersonnelles
Interpretation,Interprétation
Interprovincial relations,Relations interprovinciales
Interprovincial transport,Transport interprovincial
Intersex people,Personne intersexuelle
Interviews,Entrevue
Intimidation,Intimidation
Intranets,Intranet
Inuit,Inuit
Invasive species,Espèce envahissante
Inventions,Invention
Inventories,Inventaire
Investigations,Enquête
Investigative bodies,Organisme d'enquête
Investment policy,Politique d'investissement
Investments,Investissement
Irradiation,Irradiation
Irregular migration,Migration clandestine
Irrigation,Irrigation
Isolated communities,Communauté isolée
Jewellery,Joaillerie
Job applications,Demande d'emploi
Job classification,Classification des emplois
Job creation,Création d'emploi
Job description,Description de poste
Job promotion,Promotion en emploi
Job search,Recherche d'emploi
Journalism,Journalisme
Judges,Juge
Judicial appointments,Nomination judiciaire
Jurisprudence,Philosophie du droit
Justice system,Système judiciaire
Juvenile court,Tribunal de la jeunesse
Knowledge based economy,Économie du savoir
Knowledge management,Gestion du savoir
Knowledge transfer,Transmission du savoir
Labelling,Étiquetage
Laboratories,Laboratoire
Labour,Travail
Labour code,Code du travail
Labour disputes,Conflit de travail
Labour force,Main-d'oeuvre
Labour law,Droit du travail
Labour market,Marché du travail
Labour mobility,Mobilité de la main-d'oeuvre
Labour relations,Relations de travail
Labour standards,Normes du travail
Labour union training,Formation syndicale
Labour unions,Syndicat
Lakes,Lac
Land claims,Revendication territoriale
Land cover,Couverture du sol
Land management,Gestion des terres
Landmines,Mine terrestre
Landslides,Glissement de terrain
Language education,Enseignement des langues
Language groups,Groupe linguistique
Language minorities,Minorité linguistique
Language policy,Politique linguistique
Language rights,Droits linguistiques
Language training,Formation linguistique
Languages,Langue
Law,Droit
Lead,Plomb
Leader of the Official Opposition,Chef de l'Opposition officielle
Leadership,Leadership
Learning,Apprentissage
Learning disabilities,Trouble d'apprentissage
Lease,Bail
Leasing,Location
Leave of absence,Congé
Legal aid,Aide juridique
Legal documents,Document juridique
Legal issues,Questions juridiques
Legal obligations,Obligation légale
Legal rights,Garantie juridique
Legal services,Services juridiques
Legislation,Législation
Legislative assemblies,Assemblée législative
Legislative writing,Rédaction des lois
Legumes,Légumineuse
Lentils,Lentille
Lesbians,Lesbienne
Lettuce,Laitue
LGBTQ2 people,Personne LGBTQ2
Liability,Créance
Libraries,Bibliothèque
Licensing,Attribution de permis
Lieutenant Governor,Lieutenant-gouverneur
Life expectancy,Espérance de vie
Life insurance,Assurance-vie
Life sciences,Sciences de la vie
Life skills,Habiletés fondamentales
Lifestyle,Mode de vie
Lighthouses,Phare
Lighting,Éclairage
Linguistic diversity,Diversité linguistique
Linguistic duality,Dualité linguistique
Literacy,Alphabétisation
Literature,Littérature
Litigation,Litige
Livestock,Bétail
Living organisms,Organisme vivant
Loans,Prêt
Lobbying,Lobbying
Local governments,Administration locale
Lockers,Casier
Locks,Écluse
Logging industry,Industrie de l'exploitation forestière
Logistical support,Soutien logistique
Logistics,Logistique
Lotteries,Loterie
Low income,Faible revenu
Lumber industry,Industrie du bois d'oeuvre
Machine readable data,Données lisibles par machine
Macroeconomic analysis,Analyse macro-économique
Magnetism,Magnétisme
Maintenance,Entretien
Mammals,Mammifère
Management,Gestion
Management information systems,Système d'information de gestion
Management tool,Outil de gestion
Mandate,Mandat
Manufacturing industry,Industrie de la fabrication
Manure,Fumier
Manuscripts,Manuscrit
Maple products,Produit de l'érable
Maps,Carte
Marijuana,Marijuana
Marinas,Port de plaisance
Marine accidents,Accident maritime
Marine biology,Biologie marine
Marine conservation areas,Aire marine de conservation
Marine equipment,Équipement maritime
Marine heritage,Patrimoine maritime
Marine installations,Installations maritimes
Marine safety,Sécurité maritime
Marine safety equipment,Équipement de sécurité nautique
Marital status,État matrimonial
Maritime law,Droit maritime
Market analysis,Analyse de marché
Market development,Développement des marchés
Market entry,Entrée sur le marché
Market place,Lieu du marché
Marketing,Marketing
Marketing campaigns,Campagne de marketing
Marketplace services,Services aux marchés
Markets,Marché
Marriage,Mariage
Material management,Gestion du matériel
Materials technology,Technologie des matériaux
Maternity benefits,Prestation de maternité
Mathematics,Mathématiques
Measurement,Mesure
Meat,Viande
Mechanical engineering,Génie mécanique
Media,Média
Media monitoring,Surveillance des médias
Media relations,Relations avec les médias
Mediation,Médiation
Medical law,Droit médical
Medical products,Produit médical
Medical products industry,Industrie des produits médicaux
Medical records,Dossier médical
Medical research,Recherche médicale
Medical technology,Technologie médicale
Medicinal plants,Plante médicinale
Medicine,Médecine
Meetings,Réunion
Members of the House of Commons,Député fédéral
Members of the Senate,Sénateur
Men,Homme
Mental health,Santé mentale
Mentoring,Mentorat
Mercury,Mercure
Mergers,Fusion
Merit,Mérite
MERS (Disease),MERS-CoV (virus)
Metadata,Métadonnées
Metals,Métal
Metalworking industry,Industrie métallurgique
Metamorphic rocks,Roche métamorphique
Metamorphism,Métamorphisme
Meteorological data,Données météorologiques
Meteorology,Météorologie
Methadone,Méthadone
Methodology,Méthodologie
Métis,Métis
Metric system,Système métrique
Microbiology,Microbiologie
Microeconomic analysis,Analyse micro-économique
Microeconomic policy,Politique microéconomique
Microelectronics,Microélectronique
Micrographics,Micrographie
Microorganisms,Microorganisme
Middle East Respiratory Syndrome,Syndrome respiratoire du Moyen-Orient
Migrant workers,Travailleur migrant
Migration,Migration
Migratory birds,Oiseau migrateur
Military aircraft,Aéronef militaire
Military architecture,Architecture militaire
Military aviation,Aviation militaire
Military colleges,Collège militaire
Military command,Commandement militaire
Military communications,Communications militaires
Military engineering,Génie militaire
Military history,Histoire militaire
Military installations,Installations militaires
Military law,Droit militaire
Military personnel,Personnel militaire
Military police,Police militaire
Military technology,Technologie militaire
Military training,Formation militaire
Milk,Lait
Minerals,Minerai
Minimum wage,Salaire minimum
Mining accidents,Accident minier
Mining industry,Industrie minière
Mining technology,Technologie minière
Ministers,Ministre
Minorities,Minorité
Minority language education,Enseignement dans la langue de la minorité
Minutes,Procès-verbal
Misappropriation of funds,Détournement de fonds
Mission statements,Énoncé de mission
Model forests,Forêt modèle
Modelling,Modélisation
Models,Modèle
Modernization,Modernisation
Molluscs,Mollusque
Monarchy,Monarchie
Monetary policy,Politique monétaire
Monkeypox,Variole simienne
Monographic series,Collection de monographies
Monuments,Monument
Moratorium,Moratoire
Mortgage assistance,Aide hypothécaire
Mortgage insurance,Assurance hypothécaire
Mortgage loans,Prêt hypothécaire
Mother tongue,Langue maternelle
Motor vehicles,Véhicule automobile
Mountains,Montagne
Multiculturalism,Multiculturalisme
Multilateral agreement on investment,Accord multilatéral sur l'investissement
Multilateral agreements,Accord multilatéral
Multilateral programs,Programme multilatéral
Multilingualism,Multilinguisme
Multimedia,Multimédia
Multinational corporations,Multinationale
Municipal buildings,Édifice municipal
Municipalities,Municipalité
Museum collections,Collection muséale
Museums,Musée
Music,Musique
Music industry,Industrie de la musique
Music scores,Partition musicale
Mutual insurance companies,Société mutuelle d'assurances
Nanotechnology,Nanotechnologie
Narcotic control,Lutte anti-drogue
Narcotics,Drogue
National anthems,Hymne national
National archives,Archives nationales
National bibliographies,Bibliographie nationale
National Capital,Capitale nationale
National debt,Dette nationale
National heritage,Patrimoine national
National income,Revenu national
National libraries,Bibliothèque nationale
National parks,Parc national
National security,Sécurité nationale
National symbols,Symbole national
Nationalism,Nationalisme
Natural disasters,Catastrophe naturelle
Natural gas,Gaz naturel
Natural heritage,Patrimoine naturel
Natural history,Histoire naturelle
Natural resources,Ressources naturelles
Natural sciences,Sciences naturelles
Nature conservation,Conservation de la nature
Nautical charts,Carte marine
Navigation,Navigation
Navigation systems,Système d'aide à la navigation
Needs,Besoins
Negotiations,Négociation
Networks,Réseau
Newsletters,Bulletin
Newspapers,Journal
Nomenclature,Nomenclature
Non-profit organizations,Organisme à but non lucratif
Non-renewable resources,Ressources non renouvelables
Non-repayable contributions,Contribution non remboursable
Non-Status Indians,Indien non inscrit
Nongovernmental organizations,Organisation non gouvernementale
Nonprescription drugs,Médicament en vente libre
North-South relations,Relations nord-sud
Northern Canada,Nord canadien
Northern development,Développement du Nord
Northern studies,Études nordiques
Northerners,Habitant du Nord
"Novel coronavirus disease, 2019","Nouvelle maladie à coronavirus, 2019"
Nuclear energy,Énergie nucléaire
Nuclear facilities,Installations nucléaires
Nuclear medicine,Médecine nucléaire
Nuclear power plants,Centrale nucléaire
Nuclear technology,Technologie nucléaire
Nuclear weapons,Arme nucléaire
Numeracy,Numératie
Numismatics,Numismatique
Nutrition,Alimentation
Oats,Avoine
Obesity,Obésité
Objectives,Objectif
Occupational accidents,Accident de travail
Occupational diseases,Maladie professionnelle
Occupational health,Santé au travail
Occupational safety,Sécurité au travail
Occupations,Profession
Ocean energy,Énergie marine
Ocean floor,Fond marin
Oceanography,Océanographie
Oceans,Océan
Offences,Infraction
Office appliances,Accessoire de bureau
Office automation,Bureautique
Office consolidations,Codification administrative
Office equipment,Équipement de bureau
Office management,Gestion administrative
Office supplies,Fournitures de bureau
Official languages,Langue officielle
Official languages promotion,Promotion des langues officielles
Official residences,Résidence officielle
Offprints,Tiré à part
Offshore area,Zone extracôtière
Offshore drilling,Forage en mer
Oil sands,Sables bitumineux
Oil spills,Déversement de pétrole
Old age,Vieillesse
Olympic games,Jeux olympiques
Ombudsman,Protecteur du citoyen
Open data,Données ouvertes
Open government,Gouvernement ouvert
Operations,Fonctionnement
Oral communication,Communication orale
Oral health,Santé buccodentaire
Orchestras,Orchestre
Organ transplantation,Transplantation d'organes
Organic foods,Aliment biologique
Organizations,Organisation
Organized crime,Crime organisé
Ornamental plants,Plante ornementale
Ornaments,Parure
Ornithology,Ornithologie
Outdoor recreation,Loisir de plein air
Outfitters,Pourvoirie
Outreach services,Dépistage
Ozone,Ozone
Ozone depletion,Appauvrissement de l'ozone
Packaging,Emballage
Pain,Douleur
Painting,Peinture
Palaeontology,Paléontologie
Paleobotany,Paléobotanique
Panamerican games,Jeux panaméricains
Pansexual people,Personne pansexuelle
Parasites,Parasite
Parenting,Art d'être parent
Parents,Parent
Pari-mutuel betting,Pari mutuel
Parking,Stationnement
Parks,Parc
Parliament,Parlement
Parliamentary committees,Commission parlementaire
Parliamentary leaders,Leader parlementaire
Parliamentary procedure,Procédure parlementaire
Parole,Libération conditionnelle
Part-time employment,Emploi à temps partiel
Part-time students,Étudiant à temps partiel
Participation,Participation
Partnerships,Partenariat
Passports,Passeport
Patented medicines,Médicament breveté
Patents,Brevet
Paternity benefits,Prestation de paternité
Pay equity,Équité salariale
Peace,Paix
Peacekeeping,Maintien de la paix
Peacekeeping forces,Forces de maintien de la paix
Peas,Pois
Pensions,Pension
Perceptions,Perception
Performance assessment,Évaluation du rendement
Performance indicators,Indicateur de performance
Performing arts,Arts d'interprétation
Perinatal care,Soins périnataux
Periodicals,Publication en série
Permafrost,Pergélisol
Permits,Permis
Personal assets,Biens mobiliers
Personal care products,Produit de soins personnels
Personal digital assistant,Assistant numérique personnel
Personal finance,Finances personnelles
Personal income,Revenu individuel
Personal income tax,Impôt sur le revenu des particuliers
Personal information,Renseignements personnels
Personal information banks,Fichier de renseignements personnels
Personnel management,Gestion du personnel
Persons with disabilities,Personne handicapée
Pesticides,Pesticide
Pests,Organisme nuisible
Petroleum,Pétrole
Petroleum industry,Industrie pétrolière
Petrology,Pétrologie
Pharmaceutical industry,Industrie pharmaceutique
Pharmacology,Pharmacologie
Philately,Philatélie
Philosophy,Philosophie
Photographs,Photographie (Image)
Photography,Photographie (Art)
Physical disabilities,Déficience physique
Physical sciences,Sciences physiques
Physics,Physique
Physiology,Physiologie
Pilotage,Pilotage
Pioneers,Pionnier
Pipelines,Pipeline
Plain language,Langage simple
Planetariums,Planétarium
Planning,Planification
Plant diseases,Maladie des plantes
Plants,Plante
Plastics industry,Industrie des matières plastiques
Pleasure craft,Bateau de plaisance
Poaching,Braconnage
Poetry,Poésie
Poisoning,Empoisonnement
Polar regions,Région polaire
Polar sciences,Science polaire
Police services,Service de police
Policing,Maintien de l'ordre public
Policy,Politique
Policy development,Élaboration des politiques
Policy instruments,Instrument de politique
Policy review,Examen des politiques
Political parties,Parti politique
Political science,Science politique
Politics,Vie politique
Pollutants,Polluant
Pollution,Pollution
Pollution control,Lutte contre la pollution
Pollution prevention,Prévention de la pollution
Popular culture,Culture populaire
Population,Population
Population distribution,Répartition de la population
Pornography,Pornography
Portfolio,Portefeuille
Position papers,Exposé de principe
Postal services,Service postal
Posters,Affiche
Postsecondary education,Enseignement postsecondaire
Potatoes,Pomme de terre
Pottery,Poterie
Poultry,Volaille
Poverty,Pauvreté
Poxvirus diseases,Maladies à poxvirus
Prairie ecosystems,Écosystème prairial
Precious metals,Métal précieux
Precipitation,Précipitation
Pregnancy,Grossesse
Premiums,Prime
Preschool education,Éducation préscolaire
Prescription drugs,Médicament d'ordonnance
Press releases,Communiqué de presse
Prevention,Prévention
Preventive medicine,Médecine préventive
Price indexes,Indice des prix
Price regulation,Réglementation des prix
Prices,Prix
Pricing,Établissement des prix
Primary industry,Industrie primaire
Primates,Primate
Prime Minister,Premier ministre
Printing,Imprimerie
Prints,Gravure
Privacy,Vie privée
Private investments,Investissement privé
Private pensions,Pension privée
Private schools,École privée
Private sector,Secteur privé
Privatization,Privatisation
Pro bono legal services,Services juridiques bénévoles
Probate,Homologation
Proceeds of crime,Produit de la criminalité
Processing,Traitement
Product codes,Code de produit
Product development,Développement de produit
Product recalls,Rappel de produit
Production,Production
Productivity,Productivité
Products,Produit
Professional associations,Association professionnelle
Professional development,Développement professionnel
Profiles,Profil
Profitability,Rentabilité
Program assessment,Évaluation de programme
Program delivery,Réalisation de programme
Program development,Élaboration de programme
Program management,Gestion de programme
Program review,Révision de programme
Programming,Programmation
Programs,Programme
Progress reports,Rapport d'étape
Prohibition,Interdiction
Project management,Gestion de projet
Pronunciation,Prononciation
Propaganda,Propagande
Propane,Propane
Property,Biens
Property and casualty insurance,Assurance sur les biens et risques
Property management,Gestion des biens
Property tax,Impôt foncier
Prospecting,Prospection
Prostitution,Prostitution
Protected species,Espèce protégée
Protocol,Protocole
Prototyping,Prototypage
Provinces,Province
Provincial governments,Gouvernement provincial
Provincial institutions,Institution provinciale
Provincial parks,Parc provincial
Provincial taxes,Impôt provincial
Psychology,Psychologie
Public-private partnerships,Partenariat public-privé
Public access,Accès public
Public accounts,Comptes publics
Public administration,Administration publique
Public architecture,Architecture publique
Public buildings,Édifice public
Public diplomacy,Diplomatie ouverte
Public expenditures,Dépenses publiques
Public finance,Finances publiques
Public funding,Financement public
Public hearings,Audience publique
Public libraries,Bibliothèque publique
Public notices,Avis public
Public opinion,Opinion publique
Public opinion polls,Sondage d'opinion
Public pensions,Pension publique
Public relations,Relations publiques
Public safety,Sécurité publique
Public schools,École publique
Public sector,Secteur public
Public service,Fonction publique
Public transit,Transport en commun
Public works,Travaux publics
Publishing,Édition
Pulp and paper industry,Industrie des pâtes et papiers
Purchasing,Achat
Qualifications,Qualifications
Quality control,Contrôle de la qualité
Quality of life,Qualité de vie
Quality of service,Qualité de service
Quality standards,Norme de qualité
Quarantine,Quarantaine
Quarterly financial reports,Rapport financier trimestriel
Queer people,Personne queer
Questionnaires,Questionnaire
Quilting,Matelassage
Race relations,Relations raciales
Racial discrimination,Discrimination raciale
Radar,Radar
Radiation,Rayonnement
Radio,Radio
Radioactive materials,Matière radioactive
Radioactive waste,Déchets radioactifs
Radioactivity,Radioactivité
Rail companies,Compagnie ferroviaire
Rail transport,Transport ferroviaire
Rail transport industry,Industrie du transport ferroviaire
Railway accidents,Accident ferroviaire
Railway installations,Installations ferroviaires
Railway networks,Réseau ferroviaire
Railway safety,Sécurité ferroviaire
Rates,Taux
Reading,Lecture
Real-time hydrometric data,Données hydrométriques en temps réel
Real estate,Immobilier
Real estate industry,Industrie de l'immobilier
Real property services,Services immobiliers
Receiver General,Receveur général
Recipients,Bénéficiaire
Reciprocal agreements,Accord de réciprocité
Record of employment,Relevé d'emploi
Records,Dossier
Records disposal,Élimination des documents
Records management,Gestion des documents
Records retention,Conservation des documents
Recourse,Recours
Recoveries,Recouvrement
Recreation,Loisir
Recreational facilities,Installations récréatives
Recruiting,Recrutement
Recyclable materials,Matière recyclable
Recycling,Recyclage
Red tape burdens,Fardeau administratif
Red tape reduction,Réduction du fardeau administratif
Reference services,Service de référence
Reforestation,Reboisement
Reform,Réforme
Refrigeration equipment,Équipement de réfrigération
Refugees,Réfugié
Regional cooperation,Coopération régionale
Regional development,Développement régional
Regional markets,Marché régional
Regions,Région
Registers,Registre
Registration,Enregistrement
Regulation,Réglementation
Regulations,Règlements
Regulatory agencies,Organisme de réglementation
Rehabilitation,Réadaptation
Religion,Religion
Religious architecture,Architecture religieuse
Religious buildings,Édifice religieux
Religious heritage,Patrimoine religieux
Religious history,Histoire religieuse
Remote sensing,Télédétection
Renewable energy,Énergie renouvelable
Renewable resources,Ressources renouvelables
Repayable contributions,Contribution remboursable
Reports,Rapport
Representatives,Représentant
Reproductive technology,Technologie de la reproduction
Reprography,Reprographie
Reptiles,Reptile
Rescue,Sauvetage
Rescue equipment,Équipement de sauvetage
Research,Recherche
Research and development,Recherche et développement
Research chairs,Chaire de recherche
Research grants,Subvention de recherche
Research institutes,Institut de recherche
Residential schools,École résidentielle
Resignation,Démission
Resource allocation,Allocation des ressources
Resource development,Exploitation des ressources
Resources conservation,Conservation des ressources
Resources management,Gestion des ressources
Respiratory diseases,Maladie respiratoire
Restaurants,Restaurant
Restoration,Restauration
Restructuring,Restructuration
Retail trade,Commerce de détail
Retention of staff,Maintien de l'effectif
Retirement,Retraite
Retraining,Formation de reconversion
Review,Examen
Revision,Révision
Risk management,Gestion des risques
Risk premiums,Prime de risque
Rivers,Fleuve / Rivière
Road accidents,Accident de la route
Road construction,Construction routière
Road maps,Carte routière
Road networks,Réseau routier
Road safety,Sécurité routière
Road transport,Transport routier
Robotics,Robotique
Rodenticides,Rodenticide
Rodents,Rongeur
Roles,Rôle
Royalties,Redevances
Rubber industry,Industrie du caoutchouc
Rural communities,Communauté rurale
Rural development,Développement rural
Rural environment,Milieu rural
Safety,Sécurité
Safety education,Enseignement de la sécurité
Safety equipment,Équipement de sécurité
Safety measures,Mesure de sécurité
Safety regulations,Réglementation en matière de sécurité
Safety standards,Norme de sécurité
Sailboats,Voilier
Salaries,Salaire
Sales,Vente
Sales taxes,Taxe de vente
Salt water,Eau salée
Salt water fish,Poisson de mer
Same-sex couples,Couple de même sexe
Samples,Échantillon
SARS-CoV-2 disease,Maladie du Sars-Cov-2
Satellite imagery,Imagerie satellite
Satellite images,Image satellite
Satellites,Satellite
Savings,Épargne
Scholarships,Bourse d'études
School boards,Commission scolaire
Schools,École
Science education,Enseignement des sciences
Science policy,Politique scientifique
Sciences,Sciences
Scientific equipment,Équipement scientifique
Scientific information,Information scientifique
Scientific research,Recherche scientifique
Scientists,Scientifique
Screening (Medicine),Dépistage (Médecine)
Sculpture,Sculpture
Seafood,Fruits de mer
Sealing,Chasse au phoque
Seals,Phoque
Seas,Mer
Seasonal employment,Emploi saisonnier
Second language assessment,Évaluation de la langue seconde
Second language education,Enseignement de la langue seconde
Second languages,Langue seconde
Secondary education,Enseignement secondaire
Secondary industry,Industrie secondaire
Secondary schools,École secondaire
Sections,Section
Sector analysis,Analyse sectorielle
Securities,Valeurs mobilières
Security,Sécurité
Security intelligence,Renseignement de sécurité
Security investigations,Enquête de sécurité
Sedimentary rocks,Roche sédimentaire
Sedimentology,Sédimentologie
Sediments,Sédiment
Seismology,Sismologie
Seizure (of property),Saisie
Selection,Sélection
Self employment,Emploi autonome
Self government,Autonomie gouvernementale
Semen,Sperme
Senate,Sénat
Seniors,Aîné
Service agreements,Accord de service
Service contracts,Contrat de service
Service industry,Industrie des services
Services,Service
Severance pay,Indemnité de cessation d'emploi
Severe acute respiratory syndrome,Syndrome respiratoire aigu sévère
Sewing,Couture
Sexual harassment,Harcèlement sexuel
Sexual offences,Infraction sexuelle
Sexual orientation,Orientation sexuelle
Sexually transmitted diseases,Maladie transmise sexuellement
Shares,Action
Sheep,Mouton
Shipbuilding,Construction navale
Shipping,Expédition
Ships,Navire
Shoe industry,Industrie de la chaussure
Shortage,Pénurie
Side effects,Effet secondaire
Signs,Signalisation
Silver,Argent (Minerai)
Single parent families,Famille monoparentale
Site management,Gestion de site
Skating,Patinage
Ski trails,Piste de ski
Skiing,Ski
Skills,Habiletés
Skills transfer,Transfert d'habiletés
Slaughtering,Abattage d'animaux
Slides,Diapositive
Small business loans,Prêt à la petite entreprise
Small businesses,Petite entreprise
Smog,Smog
Smoking,Tabagisme
Smoking prevention,Prévention du tabagisme
Snow,Neige
Social assistance,Aide sociale
Social conditions,Conditions sociales
Social development,Développement social
Social equity,Équité sociale
Social finance,Finance sociale
Social history,Histoire sociale
Social indicators,Indicateur social
Social innovation,Innovation sociale
Social insurance number,Numéro d'assurance sociale
Social issues,Questions sociales
Social life,Vie sociale
Social media,Média social
Social movement,Mouvement social
Social policy,Politique sociale
Social problems,Problème social
Social programs,Programmes sociaux
Social rights,Droits sociaux
Social sciences,Sciences sociales
Social security,Sécurité sociale
Social services,Services sociaux
Social statistics,Statistiques sociales
Social structure,Structure sociale
Social surveys,Enquête sociale
Social trends,Tendances sociales
Socioeconomic analysis,Analyse socio-économique
Socioeconomic data,Données socio-économiques
Sociology,Sociologie
Software,Logiciel
Soil,Sol
Soil conservation,Préservation des sols
Soil pollution,Pollution des sols
Soil quality,Qualité des sols
Soil taxonomy,Classification des sols
Solar energy,Énergie solaire
Solar heating,Chauffage solaire
Sole proprietorships,Entreprise individuelle
Solvents,Solvant
Sound archives,Archives sonores
Sound recordings,Enregistrement sonore
Sovereignty,Souveraineté
Space exploration,Exploration spatiale
Space sciences,Sciences de l'espace
Space station,Station orbitale
Space technology,Technologie spatiale
Special libraries,Bibliothèque spécialisée
Specifications,Spécification
Spectrum management,Gestion du spectre
Sponsorship,Commandite
Sports,Sport
Sports events,Événement sportif
Staffing,Dotation
Stamps,Timbre
Standard of living,Niveau de vie
Standardization,Normalisation
Standards,Norme
Standing offers,Offre permanente
State ceremonial,Cérémonial d'État
Statements,Déclaration
Stationery,Papeterie
Statistical analysis,Analyse statistique
Statistical profile,Profil statistique
Statistics,Statistiques
Status Indians,Indien inscrit
Status of disabled persons,Condition de la personne handicapée
Status of the elderly,Condition de la personne âgée
Status of women,Condition de la femme
Steel,Acier
Stem cells,Cellule souche
Stewardship,Gérance
Stock markets,Marché des valeurs
Storage,Entreposage
Storms,Tempête
Strategic management,Gestion stratégique
Strategies,Stratégie
Stratigraphy,Stratigraphie
Streams,Ruisseau
Structural geology,Tectonique
Student labour,Travail étudiant
Student loans,Prêt étudiant
Students,Étudiant
Studies abroad,Études à l'étranger
Style manuals,Guide de rédaction
Submarines,Sous-marin
Submissions,Présentation
Subsidized housing,Logement subventionné
Suicide,Suicide
Supervision,Supervision
Supplementary estimates,Budget supplémentaire des dépenses
Supplements,Supplément
Suppliers,Fournisseur
Supplies,Approvisionnements
Supply,Offre
Support businesses,Entreprise de soutien
Surface water,Eau de surface
Surficial geology,Géologie des dépôts meubles
Surgeons,Chirurgien
Surgery,Chirurgie
Surplus,Surplus
Surveying,Arpentage
Surveys,Sondage
Survival,Survie
Survivor benefits,Prestation au survivant
Suspension,Suspension
Sustainable development,Développement durable
Sustainable transportation,Transport durable
Symbols,Symbole
Systems,Système
Tables,Tableau
Tariff barriers,Barrière tarifaire
Tariff protection,Protection des tarifs douaniers
Tariff relief,Allègement tarifaire
Tariffs,Tarif douanier
Tax avoidance,Évitement fiscal
Tax benefits,Avantage fiscal
Tax credits,Crédit d'impôt
Tax fraud,Fraude fiscale
Tax incentives,Incitatif fiscal
Tax refunds,Remboursement d'impôt
Taxation regulations,Réglementation en matière de taxation
Taxes,Impôt
Taxonomy,Taxonomie
Tea,Thé
Teachers,Enseignant
Technical education,Enseignement technique
Technical reports,Rapport technique
Technical services,Services techniques
Technical writing,Rédaction technique
Technological innovation,Innovation technologique
Technology,Technologie
Technology policy,Politique technologique
Technology transfer,Transfert technologique
Telecommunications,Télécommunications
Telecommunications networks,Réseau de télécommunications
Telecommunications policy,Politique en matière de télécommunications
Teleconferencing,Téléconférence
Telegraph,Télégraphe
Telehealth,Télésanté
Telemedicine,Télémédecine
Telephone directories,Répertoire téléphonique
Telephones,Téléphone
Television,Télévision
Telework,Télétravail
Temperature,Température
Templates,Modèles
Temporary employment,Emploi temporaire
Tenders,Soumission
Term loans,Prêt à terme
Termination of employment,Cessation d'emploi
Terminology,Terminologie
Terms of reference,Cadre de référence
Terms of use,Condition d'utilisation
Terrestrial ecosystems,Écosystème terrestre
Territorial governments,Gouvernement territorial
Territorial parks,Parc territorial
Territories,Territoire
Terrorism,Terrorisme
Testimony,Témoignage
Testing,Test
Textile industry,Industrie textile
Textiles,Textile
Theatre,Théâtre
Therapy,Thérapie
Thesauri,Thésaurus
Tides,Marée
Time,Temps
Time zones,Fuseau horaire
Tissues,Tissu (Biologie)
Tobacco industry,Industrie du tabac
Tolls,Péage
Tooling,Outillage
Tools,Outil
Topographical maps,Carte topographique
Topography,Topographie
Toponymy,Toponymie
Tourism,Tourisme
Tourism facilities,Installations touristiques
Toxic spills,Déversement de substances toxiques
Toxic substances,Substance toxique
Toxicology,Toxicologie
Toys,Jouet
Trade,Commerce
Trade agreements,Accord commercial
Trade disputes,Différend commercial
Trade missions,Délégation commerciale
Trade negotiations,Négociation commerciale
Trade office,Bureau commercial
Trade policy,Politique commerciale
Trade promotion,Promotion du commerce
Trade relations,Relations commerciales
Trade shows,Salon professionnel
Trademarks,Marque de commerce
Train stations,Gare ferroviaire
Training,Formation
Training centres,Centre de formation
Trains,Train
Transborder data flow,Flux transfrontière de données
Transfer payments,Paiement de transfert
Transfers,Transfert
Transfers of personnel,Mutation de personnel
Transformation,Transformation
Transgender people,Personne transgenre
Translation,Traduction
Transplantation (Medicine),Transplantation (Médecine)
Transport,Transport
Transport industry,Industrie du transport
Transport policy,Politique des transports
Transportation safety,Sécurité des transports
Trapping,Piégeage
Travel,Voyage
Travel documents,Titre de voyage
Treasury board,Conseil du Trésor
Treasury Board Secretariat,Secrétariat du Conseil du Trésor
Trees,Arbre
Trends,Tendances
Trucking industry,Industrie du camionnage
Trucks,Camion
Trust companies,Société de fiducie
Trustees,Fiduciaire
Tsunamis,Tsunami
Tunnels,Tunnel
Two-spirit people,Personne bispirituelle
Ultraviolet radiation,Rayonnement ultraviolet
Unemployment,Chômage
Universities,Université
Unpaid work,Travail non rémunéré
Urban communities,Communauté urbaine
Urban development,Développement urbain
Urban environment,Milieu urbain
Urban planning,Urbanisme
Urban transit,Transport urbain
User education,Formation des utilisateurs
Uses,Utilisation
Utilities,Services publics
Vacations,Vacances
Values,Valeurs
Vandalism,Vandalisme
Vegetable crops,Cultures maraîchères
Vegetables,Légume
Vehicles,Véhicule
Vendors,Vendeur
Venture capital,Capital de risque
Vessels,Embarcation
Veteran pensions,Pension des anciens combattants
Veterans,Ancien combattant
Veterinary drugs,Médicament vétérinaire
Veterinary medicine,Médecine vétérinaire
Victims,Victime
Videorecordings,Enregistrement vidéo
Violence,Violence
Violence against children,Violence faite aux enfants
Violence against women,Violence faite aux femmes
Virtual exhibitions,Exposition virtuelle
Viruses,Virus
Visas,Visa
Visible minorities,Minorité visible
Visits of state,Visite officielle
Visual archives,Archives visuelles
Visual arts,Arts visuels
Visual disabilities,Déficience visuelle
Vital statistics,Statistiques de l'état civil
Vitamins,Vitamine
Viticulture,Viticulture
Vocational guidance,Orientation professionnelle
Vocational rehabilitation,Réadaptation professionnelle
Vocational training,Formation professionnelle
Voice mail,Messagerie vocale
Volcanoes,Volcan
Volunteer work,Bénévolat
Walruses,Morse
War,Guerre
War crimes,Crime de guerre
War memorials,Cénotaphe
Warranties,Garantie
Warrants,Mandat de perquisition
Waste,Déchets
Waste management,Gestion des déchets
Waste water,Eaux usées
Water,Eau
Water conservation,Conservation de l'eau
Water demand,Besoins en eau
Water management,Gestion de l'eau
Water pollution,Pollution de l'eau
Water quality,Qualité de l'eau
Water supply,Approvisionnement en eau
Water transport,Transport maritime
Water transport industry,Industrie du transport maritime
Water use,Utilisation de l'eau
Watercourses,Cours d'eau
Watersheds,Bassin hydrologique
Waterways,Voie navigable
Weapons,Arme
Weather,Temps (Météorologie)
Weather forecasts,Prévisions météorologiques
Weather warnings,Alerte météorologique
Weaving,Tissage
Web usability,Facilité d'emploi du Web
Websites,Site Web
Weeds,Plante nuisible
Western provinces,Provinces de l'Ouest
Wetlands,Zone humide
Whales,Baleine
Whaling,Chasse à la baleine
Wharfs,Quai
Wheat,Blé
Wheelchairs,Fauteuil roulant
Whistleblower protection,Protection des dénonciateurs
Wholesale trade,Commerce de gros
Wild plants,Plante sauvage
Wildlife,Faune
Wildlife management,Gestion de la faune
Wind,Vent
Wind energy,Énergie éolienne
Wine,Vin
Wine industry,Industrie vinicole
Winter sports,Sport d'hiver
Women,Femme
Women's health,Santé de la femme
Women workers,Travailleuse
Wood,Bois
Woodworking industry,Industrie du bois
Work organization,Organisation du travail
Work permits,Permis de travail
Workers,Travailleur
Working capital,Fonds de roulement
Working conditions,Conditions de travail
Workplace,Milieu de travail
Workplace automation,Automatisation du travail
Workplace pollution,Pollution en milieu de travail
Workplace violence,Violence en milieu de travail
World heritage,Patrimoine mondial
"World War, 1914-1918","Guerre mondiale, 1914-1918"
"World War, 1939-1945","Guerre mondiale, 1939-1945"
Writing,Rédaction
Xenotransplantation,Xénotransplantation
Yearbooks,Annuaire
Yogurt,Yogourt
Young adults,Jeune adulte
Young offenders,Jeune contrevenant
Youth,Jeunesse
Zoological gardens,Jardin zoologique
Zoology,Zoologie
